<!-- Copyright (C) 2019 Google Inc. All Rights Reserved.

FirebaseAnalytics iOS and Android Dependencies.
-->

<dependencies>
  <iosPods>
    <iosPod name="Firebase/Analytics" version="11.10.0" minTargetSdk="13.0">
    </iosPod>
  </iosPods>
  <androidPackages>
    <androidPackage spec="com.google.firebase:firebase-analytics:22.4.0">
    </androidPackage>
    <androidPackage spec="com.google.firebase:firebase-analytics-unity:12.9.0">
      <repositories>
        <repository>Assets/Firebase/m2repository</repository>
      </repositories>
    </androidPackage>
  </androidPackages>
</dependencies>
